BackgroundRed,BackgroundGreen,BackgroundBlue,BackgroundAlpha,TextRed,TextGreen,TextBlue,TextAlpha
0.09999999999999998,1,0.32499999999999996,1,0.21250000000000002,0.09999999999999998,1,1
