BackgroundRed,BackgroundGreen,BackgroundBlue,BackgroundAlpha,TextRed,TextGreen,TextBlue,TextAlpha
0.29999999999999993,0.19999999999999996,1,1,0.19999999999999996,0.3999999999999999,1,1
