BackgroundRed,BackgroundGreen,BackgroundBlue,BackgroundAlpha,TextRed,TextGreen,TextBlue,TextAlpha
0.29999999999999993,1.0,0.19999999999999996,1.0,1,0.09999999999999998,0.09999999999999998,1
